Currency,Rate_to_USD,Last_Updated
USD,1.0,"Sat, 07 Mar 2026 00:00:01 +0000"
AED,3.6725,"Sat, 07 Mar 2026 00:00:01 +0000"
AFN,64.1602,"Sat, 07 Mar 2026 00:00:01 +0000"
ALL,82.8753,"Sat, 07 Mar 2026 00:00:01 +0000"
AMD,377.3889,"Sat, 07 Mar 2026 00:00:01 +0000"
ANG,1.79,"Sat, 07 Mar 2026 00:00:01 +0000"
AOA,920.6203,"Sat, 07 Mar 2026 00:00:01 +0000"
ARS,1452.25,"Sat, 07 Mar 2026 00:00:01 +0000"
AUD,1.4244,"Sat, 07 Mar 2026 00:00:01 +0000"
AWG,1.79,"Sat, 07 Mar 2026 00:00:01 +0000"
AZN,1.7004,"Sat, 07 Mar 2026 00:00:01 +0000"
BAM,1.6865,"Sat, 07 Mar 2026 00:00:01 +0000"
BBD,2.0,"Sat, 07 Mar 2026 00:00:01 +0000"
BDT,122.3219,"Sat, 07 Mar 2026 00:00:01 +0000"
BGN,1.6287,"Sat, 07 Mar 2026 00:00:01 +0000"
BHD,0.376,"Sat, 07 Mar 2026 00:00:01 +0000"
BIF,2976.6263,"Sat, 07 Mar 2026 00:00:01 +0000"
BMD,1.0,"Sat, 07 Mar 2026 00:00:01 +0000"
BND,1.279,"Sat, 07 Mar 2026 00:00:01 +0000"
BOB,6.9288,"Sat, 07 Mar 2026 00:00:01 +0000"
BRL,5.2675,"Sat, 07 Mar 2026 00:00:01 +0000"
BSD,1.0,"Sat, 07 Mar 2026 00:00:01 +0000"
BTN,91.921,"Sat, 07 Mar 2026 00:00:01 +0000"
BWP,14.0035,"Sat, 07 Mar 2026 00:00:01 +0000"
BYN,2.9339,"Sat, 07 Mar 2026 00:00:01 +0000"
BZD,2.0,"Sat, 07 Mar 2026 00:00:01 +0000"
CAD,1.3603,"Sat, 07 Mar 2026 00:00:01 +0000"
CDF,2228.676,"Sat, 07 Mar 2026 00:00:01 +0000"
CHF,0.7783,"Sat, 07 Mar 2026 00:00:01 +0000"
CLF,0.02298,"Sat, 07 Mar 2026 00:00:01 +0000"
CLP,908.5736,"Sat, 07 Mar 2026 00:00:01 +0000"
CNH,6.9058,"Sat, 07 Mar 2026 00:00:01 +0000"
CNY,6.9167,"Sat, 07 Mar 2026 00:00:01 +0000"
COP,3760.4195,"Sat, 07 Mar 2026 00:00:01 +0000"
CRC,473.1545,"Sat, 07 Mar 2026 00:00:01 +0000"
CUP,24.0,"Sat, 07 Mar 2026 00:00:01 +0000"
CVE,95.0781,"Sat, 07 Mar 2026 00:00:01 +0000"
CZK,21.0258,"Sat, 07 Mar 2026 00:00:01 +0000"
DJF,177.721,"Sat, 07 Mar 2026 00:00:01 +0000"
DKK,6.4407,"Sat, 07 Mar 2026 00:00:01 +0000"
DOP,59.4364,"Sat, 07 Mar 2026 00:00:01 +0000"
DZD,130.8831,"Sat, 07 Mar 2026 00:00:01 +0000"
EGP,50.1213,"Sat, 07 Mar 2026 00:00:01 +0000"
ERN,15.0,"Sat, 07 Mar 2026 00:00:01 +0000"
ETB,155.2536,"Sat, 07 Mar 2026 00:00:01 +0000"
EUR,0.8623,"Sat, 07 Mar 2026 00:00:01 +0000"
FJD,2.2103,"Sat, 07 Mar 2026 00:00:01 +0000"
FKP,0.7479,"Sat, 07 Mar 2026 00:00:01 +0000"
FOK,6.4407,"Sat, 07 Mar 2026 00:00:01 +0000"
GBP,0.7479,"Sat, 07 Mar 2026 00:00:01 +0000"
GEL,2.7301,"Sat, 07 Mar 2026 00:00:01 +0000"
GGP,0.7479,"Sat, 07 Mar 2026 00:00:01 +0000"
GHS,10.797,"Sat, 07 Mar 2026 00:00:01 +0000"
GIP,0.7479,"Sat, 07 Mar 2026 00:00:01 +0000"
GMD,74.0817,"Sat, 07 Mar 2026 00:00:01 +0000"
GNF,8766.3159,"Sat, 07 Mar 2026 00:00:01 +0000"
GTQ,7.6742,"Sat, 07 Mar 2026 00:00:01 +0000"
GYD,209.2996,"Sat, 07 Mar 2026 00:00:01 +0000"
HKD,7.8209,"Sat, 07 Mar 2026 00:00:01 +0000"
HNL,26.4821,"Sat, 07 Mar 2026 00:00:01 +0000"
HRK,6.4968,"Sat, 07 Mar 2026 00:00:01 +0000"
HTG,131.1514,"Sat, 07 Mar 2026 00:00:01 +0000"
HUF,337.3692,"Sat, 07 Mar 2026 00:00:01 +0000"
IDR,16939.6926,"Sat, 07 Mar 2026 00:00:01 +0000"
ILS,3.0948,"Sat, 07 Mar 2026 00:00:01 +0000"
IMP,0.7479,"Sat, 07 Mar 2026 00:00:01 +0000"
INR,91.9215,"Sat, 07 Mar 2026 00:00:01 +0000"
IQD,1309.888,"Sat, 07 Mar 2026 00:00:01 +0000"
IRR,1320583.356,"Sat, 07 Mar 2026 00:00:01 +0000"
ISK,125.1409,"Sat, 07 Mar 2026 00:00:01 +0000"
JEP,0.7479,"Sat, 07 Mar 2026 00:00:01 +0000"
JMD,156.6071,"Sat, 07 Mar 2026 00:00:01 +0000"
JOD,0.709,"Sat, 07 Mar 2026 00:00:01 +0000"
JPY,157.759,"Sat, 07 Mar 2026 00:00:01 +0000"
KES,129.1126,"Sat, 07 Mar 2026 00:00:01 +0000"
KGS,87.4361,"Sat, 07 Mar 2026 00:00:01 +0000"
KHR,4022.7538,"Sat, 07 Mar 2026 00:00:01 +0000"
KID,1.4244,"Sat, 07 Mar 2026 00:00:01 +0000"
KMF,424.2086,"Sat, 07 Mar 2026 00:00:01 +0000"
KRW,1483.7395,"Sat, 07 Mar 2026 00:00:01 +0000"
KWD,0.3076,"Sat, 07 Mar 2026 00:00:01 +0000"
KYD,0.8333,"Sat, 07 Mar 2026 00:00:01 +0000"
KZT,493.5195,"Sat, 07 Mar 2026 00:00:01 +0000"
LAK,21598.7316,"Sat, 07 Mar 2026 00:00:01 +0000"
LBP,89500.0,"Sat, 07 Mar 2026 00:00:01 +0000"
LKR,310.7199,"Sat, 07 Mar 2026 00:00:01 +0000"
LRD,182.9165,"Sat, 07 Mar 2026 00:00:01 +0000"
LSL,16.598,"Sat, 07 Mar 2026 00:00:01 +0000"
LYD,6.3707,"Sat, 07 Mar 2026 00:00:01 +0000"
MAD,9.3073,"Sat, 07 Mar 2026 00:00:01 +0000"
MDL,17.2967,"Sat, 07 Mar 2026 00:00:01 +0000"
MGA,4173.613,"Sat, 07 Mar 2026 00:00:01 +0000"
MKD,53.0194,"Sat, 07 Mar 2026 00:00:01 +0000"
MMK,2099.792,"Sat, 07 Mar 2026 00:00:01 +0000"
MNT,3537.866,"Sat, 07 Mar 2026 00:00:01 +0000"
MOP,8.0555,"Sat, 07 Mar 2026 00:00:01 +0000"
MRU,40.0884,"Sat, 07 Mar 2026 00:00:01 +0000"
MUR,47.3359,"Sat, 07 Mar 2026 00:00:01 +0000"
MVR,15.452,"Sat, 07 Mar 2026 00:00:01 +0000"
MWK,1744.4777,"Sat, 07 Mar 2026 00:00:01 +0000"
MXN,17.7872,"Sat, 07 Mar 2026 00:00:01 +0000"
MYR,3.9444,"Sat, 07 Mar 2026 00:00:01 +0000"
MZN,63.5683,"Sat, 07 Mar 2026 00:00:01 +0000"
NAD,16.598,"Sat, 07 Mar 2026 00:00:01 +0000"
NGN,1386.7717,"Sat, 07 Mar 2026 00:00:01 +0000"
NIO,36.819,"Sat, 07 Mar 2026 00:00:01 +0000"
NOK,9.6222,"Sat, 07 Mar 2026 00:00:01 +0000"
NPR,147.0736,"Sat, 07 Mar 2026 00:00:01 +0000"
NZD,1.6962,"Sat, 07 Mar 2026 00:00:01 +0000"
OMR,0.3845,"Sat, 07 Mar 2026 00:00:01 +0000"
PAB,1.0,"Sat, 07 Mar 2026 00:00:01 +0000"
PEN,3.471,"Sat, 07 Mar 2026 00:00:01 +0000"
PGK,4.305,"Sat, 07 Mar 2026 00:00:01 +0000"
PHP,59.1488,"Sat, 07 Mar 2026 00:00:01 +0000"
PKR,279.565,"Sat, 07 Mar 2026 00:00:01 +0000"
PLN,3.6822,"Sat, 07 Mar 2026 00:00:01 +0000"
PYG,6515.5133,"Sat, 07 Mar 2026 00:00:01 +0000"
QAR,3.64,"Sat, 07 Mar 2026 00:00:01 +0000"
RON,4.3973,"Sat, 07 Mar 2026 00:00:01 +0000"
RSD,101.1698,"Sat, 07 Mar 2026 00:00:01 +0000"
RUB,78.8887,"Sat, 07 Mar 2026 00:00:01 +0000"
RWF,1461.9155,"Sat, 07 Mar 2026 00:00:01 +0000"
SAR,3.75,"Sat, 07 Mar 2026 00:00:01 +0000"
SBD,7.9479,"Sat, 07 Mar 2026 00:00:01 +0000"
SCR,13.7723,"Sat, 07 Mar 2026 00:00:01 +0000"
SDG,510.6747,"Sat, 07 Mar 2026 00:00:01 +0000"
SEK,9.2143,"Sat, 07 Mar 2026 00:00:01 +0000"
SGD,1.2791,"Sat, 07 Mar 2026 00:00:01 +0000"
SHP,0.7479,"Sat, 07 Mar 2026 00:00:01 +0000"
SLE,24.4351,"Sat, 07 Mar 2026 00:00:01 +0000"
SLL,24435.1481,"Sat, 07 Mar 2026 00:00:01 +0000"
SOS,570.6534,"Sat, 07 Mar 2026 00:00:01 +0000"
SRD,37.8276,"Sat, 07 Mar 2026 00:00:01 +0000"
SSP,4583.5343,"Sat, 07 Mar 2026 00:00:01 +0000"
STN,21.1256,"Sat, 07 Mar 2026 00:00:01 +0000"
SYP,114.0397,"Sat, 07 Mar 2026 00:00:01 +0000"
SZL,16.598,"Sat, 07 Mar 2026 00:00:01 +0000"
THB,31.8854,"Sat, 07 Mar 2026 00:00:01 +0000"
TJS,9.4766,"Sat, 07 Mar 2026 00:00:01 +0000"
TMT,3.5006,"Sat, 07 Mar 2026 00:00:01 +0000"
TND,2.9171,"Sat, 07 Mar 2026 00:00:01 +0000"
TOP,2.3746,"Sat, 07 Mar 2026 00:00:01 +0000"
TRY,44.089,"Sat, 07 Mar 2026 00:00:01 +0000"
TTD,6.752,"Sat, 07 Mar 2026 00:00:01 +0000"
TVD,1.4244,"Sat, 07 Mar 2026 00:00:01 +0000"
TWD,31.8646,"Sat, 07 Mar 2026 00:00:01 +0000"
TZS,2581.749,"Sat, 07 Mar 2026 00:00:01 +0000"
UAH,43.7867,"Sat, 07 Mar 2026 00:00:01 +0000"
UGX,3672.8402,"Sat, 07 Mar 2026 00:00:01 +0000"
UYU,39.0008,"Sat, 07 Mar 2026 00:00:01 +0000"
UZS,12197.6652,"Sat, 07 Mar 2026 00:00:01 +0000"
VES,433.1664,"Sat, 07 Mar 2026 00:00:01 +0000"
VND,26053.606,"Sat, 07 Mar 2026 00:00:01 +0000"
VUV,119.2424,"Sat, 07 Mar 2026 00:00:01 +0000"
WST,2.6922,"Sat, 07 Mar 2026 00:00:01 +0000"
XAF,565.6115,"Sat, 07 Mar 2026 00:00:01 +0000"
XCD,2.7,"Sat, 07 Mar 2026 00:00:01 +0000"
XCG,1.79,"Sat, 07 Mar 2026 00:00:01 +0000"
XDR,0.7343,"Sat, 07 Mar 2026 00:00:01 +0000"
XOF,565.6115,"Sat, 07 Mar 2026 00:00:01 +0000"
XPF,102.8963,"Sat, 07 Mar 2026 00:00:01 +0000"
YER,238.3362,"Sat, 07 Mar 2026 00:00:01 +0000"
ZAR,16.5983,"Sat, 07 Mar 2026 00:00:01 +0000"
ZMW,19.2584,"Sat, 07 Mar 2026 00:00:01 +0000"
ZWG,25.7531,"Sat, 07 Mar 2026 00:00:01 +0000"
ZWL,25.7531,"Sat, 07 Mar 2026 00:00:01 +0000"
